mini-brow-class-eyebrow-stencil-drawing-guide-1,sq-518-shu-qin-facial-ionic-steamer,huang-belly-mymi-wonder-patch-beige,back-pro-unisex-copper-fits-waist,kinoki-cleansing-detox-foot-pads-white-3,salon-shaper-5-in-1-manicure-and-pedicure-kit-white,browns-electric-thread-hair-removal-pink,asot-hair-bean-hair-detangling-comb-violet-black
51138,51091,51520,51162


quality-box-type-mini-bluetooth-speaker,magic-sticky-spider-pad-anti-slip-mat,water-resistant-watch-with-hidden-camera,backpack-or-bag-cover,mini-ultrasonic-cleaner-for-jewelries-keys-watches-rings
7223,52696,53181,53191,53196



stainless-steel-camera-watch-8gb-silver,amphorae-18-piece-magic-leverag-hair-curler-1,stud-stone-earring-ess005,magic-towel-dress-with-hair-wrap,8-pocket-shower-caddy,microfiber-hair-drying-towel,freego-coral-pink-stripes-polo-tee-for-women,jinmoss-jm-2103-printed-flower-high-waisted-short
13622,15344,52401,53167


quality-portable-active-bluetooth-music-player,quality-bi-2030-a-patented-multi-stand-for-ipad-iphone-e-reader,starmobile-play-style-white,key-chain-cable-for-iphone-5-set-of-3-1,wired-usb-optical-mouse-yellow-car,1080p-full-hd-vehicle-blackbox-dvr,cager-t10-2600mah-external-mobile-phone-power-bank-white,iphone-6s-4-7-inch-protect-transparent-case
1708,29149,53147,53190


ky-8081-usb-computer-laptop-mini-vacuum-cleaner,robella-car-universal-holder-1,shoes-under-shoe-organizer-set-of-3-1,flameless-wax-candles,universal-ipad-stand-2,mini-candy-bubble-gumball-machine-dispenser,nylon-folding-travel-shoe-bag,pot-lid-holder-set-of-2-cat-design
8064,52002,52616,53194




marilyn-monroe-red-lips-removable-wall-decal-sticker,fast-shish-express-brochette-tool-for-meats,double-dessini-double-grill-pan-36cm,top-standard-s7020-toefl-cross-handle-faucet-series-with-free-faucet-aerator,usb-tower-fan-black,scarlett-hand-mixer,1-5m-foldable-mosquito-net-with-frame-bed-mantle,maxtop-therapeutic-neck-and-back-pillow
40812,51983,52686,52703


pisen-portable-usb-mosquito-killer-2,summer-infant-mother-s-touch-deluxe-baby-bather,tasty-sandwich-clay-dough-sold,latest-gadgets-3-colors-digital-night-light-white-1,wooden-numeric-toy-computation-study-box-set-a,tft-alphabet-puzzle-mat,tft-piyo-piyo-pillow,baby-5pc-set-folding-bed
52613,52639,52684,52706


energy-king-v2-0-massager,vanish-melasma-kit-set,iphone-shaped-rechargeable-electric-shaver-black,3w-clinic-concealer-shadow-stick-make-up-no-21-light-beige-4g,andrea-secret-hand-cream-lavender-scent,naturactor-cover-face-concealer-foundation,makeup-revolution-salvation-velvet-lip-lacquer,hollywood-24-hour-miracle-diet-juice
17044,17341,35864,51804


winmax-12-paper-dartboard,portable-sleeping-bag,x-ports-anti-pollution-face-mask,wolon-pro-style-leather-boxing-training-gloves-2,cordless-jumping-rope-black,raincoat-poncho-open-sided-w-hood,outdoor-essentials-airsoft-safety-helmet-with-cover-black,unisex-led-touchscreen-compatible-running-waist-pack
22931,40645,49943,51997

2-7-led-7-color-changing-digital-clock,wine-bottle-holder,plungers-cake-mold-set,side-socket-white-14,magic-mesh-instant-screen-door-black,vanity-center-special-artificial-plants-3-1,camisole-rack-white,reusable-ruggies-rug-grippers-black-1
10153,10165,51818,53045




