10/05/2016,cartoon-mobile-powerbank,geneva-women-s-roman-leather-strap-watch,women-s-printed-boxer-shorts,quality-water-resistant-silicone-bluetooth-speaker,ky-8081-usb-computer-laptop-mini-vacuum-cleaner
10/06/2016,diamond-cut-hard-case-luggages,ld-28000mah-digital-power-bank-black,power-sport-bluetooth-headset,uc40-hdmi-home-projector,fashion-teardrop-earrings
10/07/2016,juji-powerbank,fashion-pearl-diamond-dangling-earrings,water-resistant-watch-with-hidden-camera,waterproof-mobile-phone-pouch-with-stereo-earphones,gv08-gsm-quad-band-smartphone-watch
10/08/2016,pp-bra-and-panty-organizer,cluster-bead-necklace,wired-usb-optical-mouse-yellow-car,quality-portable-bluetooth-sound-link-mini-speaker,quality-l6-loveyin-music-wireless-bluetooth-speaker
10/09/2016,shoe-pouch,agate-chips-seedbead-necklace,wireless-wired-handheld-laser-scan-barcode-bar-2-4g-black,quality-bluetooth-sport-speaker,quality-bluetooth-stereo-headphone
10/10/2016,layered-chain-necklace,quality-bluetooth-touch-screen-smart-watch,quality-portable-active-bluetooth-music-player,quality-box-type-mini-bluetooth-speaker,mini-dv-5mp-digital-camera-3
10/11/2016,fashion-leaf-shaped-dangling-earrings,quality-super-bass-zipper-in-ear-earphones,multifunction-alarm-clock-dvr-with-hidden-camera-and-remote-control,night-light-spherical-led-lamp-light-with-music-bluetooth-speaker,super-hd-advanced-portable-digital-car-camcorder-black
10/12/2016,q5-12-mp-mini-wireless-camera-digital-video-recorder-black,stainless-steel-camera-watch-8gb-silver,television-wall-mount-bracket,u-8-5mp-mini-usb-flash-drive-spy-camera-black,portable-long-bluetooth-speaker-with-flashing-lights-blue
10/13/2016,quad-core-miracast-4k-8gb-hdmi-wifi-android-tv-box-black,ultrafire-battery-charger-with-2-piece-18650-battery-bundle,universal-clip-lens-black,universal-ipad-stand-2,usb-2-0-12mp-webcam-with-microphone-orange
10/14/2016,sj7000-wifi-1080p-full-hd-14mp-action-camera-black,wall-mount-bracket-for-slim-lcd-led-plasma-flat-television,wall-mount-fixed-bracket-for-flat-monitor-black,mini-type-flat-shaped-usb-car-charger-1,electric-beauty-lift-high-nose
10/15/2016,heat-sensitive-tetris-coffee-mug-set-of-2,magnetic-cloud-key-holder-white-1,sds-bionic-nanoprotect-gadget-coat,hd-multifunction-mirror-alarm-clock-dvr,high-speed-hdmi-m-m
10/16/2016,i8-mini-bluetooth-keyboard-black,quality-bi-2030-a-patented-multi-stand-for-ipad-iphone-e-reader,quality-grip-go-car-mobile-phone-holder-black-and-green,quality-hd-1080p-ir-night-vision-q5-metal-hidden-mini-camcorder-thumb,quality-mini-dvr-808-car-key-chain-micro-camera-pocket-camcorder
10/17/2016,quality-nitecore-um10-single-battery-charger-with-18650-battery,quality-universal-lithium-ion-battery-charger-white,vapor-tech-22ga-kanthal-a1-wire-30-feet,metal-4-fanblades-usb-mini-cooling-fan,pisen-portable-usb-mosquito-killer-2
10/18/2016,power-king-aa-500mah-usb-rechargeable-battery,7kg-electronic-kitchen-scale,fast-shish-express-brochette-tool-for-meats,external-sync-rechargeable-led-flash-black,1-8-meter-hdmi-to-hdmi-1-4v-cable
10/19/2016,mini-dvi-to-vga-adapter-white-1,mini-lcd-projection-alarm-clock-blue,usb-wired-gaming-mouse-1,reusable-ruggies-rug-grippers-black-1,body-fat-reader-scanner-machine-white
10/20/2016,mini-ultrasonic-cleaner-for-jewelries-keys-watches-rings,usb-tower-fan-black,remote-controlled-bulb-socket,metallic-himeji-castle-nano-puzzle-1,whisky-chilling-stones-set-of-9
10/21/2016,clamp-meter,avantree-keychain-sync-and-charge-micro-usb-cable-1,mini-usb-rechargeable-led-flashlight,marilyn-monroe-red-lips-removable-wall-decal-sticker,bicycle-storage-rack-wall-mount-hanger-hook-black
10/22/2016,usb-rechargeable-bike-tail-red-light,pen-fishing-rod-silver,digital-multimeter-a830l-1,latest-gadgets-3-colors-digital-night-light-white-1,mini-cool-air-usb-humidifier-bottle
10/23/2016,usb-rechargeable-led-bike-tail-light,vr-box-universal-bluetooth-remote-controller,velform-sauna-belt-4,wooden-numeric-toy-computation-study-box-set-a,tft-piyo-piyo-pillow
10/24/2016,tft-alphabet-puzzle-mat,tasty-sandwich-clay-dough-sold,summer-infant-mother-s-touch-deluxe-baby-bather,scarlett-hand-mixer,robella-car-universal-holder-1
10/25/2016,my-first-activity-spiral,mushroom-mosquito-lamp,money-cash-coin-saving-storage-for-kids,mini-candy-bubble-gumball-machine-dispenser,kitchen-set
10/26/2016,karaoke-microphone-set-with-mp3-function,elc-blossom-farm-sit-me-up-baby-pink-bunny,dog-potty-trainer-indoor-pad,check-out-cash-register-play-set,canopy-mosquito-net
10/27/2016,bright-starts-lots-of-links-accessory-toys,beauty-toy-play-set,baby-5pc-set-folding-bed,animals-finger-puppets-toys-set-of-10,1080p-full-hd-vehicle-blackbox-dvr
10/28/2016,alphabet-zoo-soft-activity-cloth-book,2-speed-mini-electric-sewing-machine-kit-white-and-lavander,4-speed-power-blender-juicer-and-mixer-white,car-cctv-camera-road-recorder-with-ir-sensor-16,digital-power-charger-with-600mah-rechargeable-batteries
10/29/2016,ccm-500-carnival-cotton-candy-maker-red,elasticity-grid-it-organizer-black,electronic-mini-money-bill-currency-detector-uv-light,extendable-handheld-monopod-z07,full-hd-1080p-night-vision-spy-camera-8gb
10/30/2016,wireless-mini-bluetooth-speaker-with-music-receiver-tf-card-usb-aux-fm-radio-1,fleece-pet-hut-brown,hot-pants-with-free-hot-shaper-belt-black,kosmodisk-spine-massager-1,led-flood-lights-10w
10/31/2016,mini-chocolate-fountain-brown,munafie-slimming-panty,portable-sleeping-bag,scarlett-induction-cooker,snackeez-plastic-2-in-1-snack-and-drink-cup
